participant,mdp_code,cond,belief-reward,unknown_color_ent_exp,avg_revisit_exp,uncertain_prop_exp,dem_len_exp,uncertain_prop_sim,unknown_color_ent_sim,dem_len_sim,avg_revisit_sim
S1,ooo,do,0,1.5,0.0,0.8,5.0,0.5792467532467477,1.4927494399410877,7.372,0.019480158730158723
S10,ooo,do,0,1.5,0.0,0.8,5.0,0.5792467532467477,1.4927494399410877,7.372,0.019480158730158723
S11,ooo,do,0,1.5,0.0,0.8,5.0,0.5792467532467477,1.4927494399410877,7.372,0.019480158730158723
S14,ooo,do,0,1.5,0.0,0.8,5.0,0.5792467532467477,1.4927494399410877,7.372,0.019480158730158723
S15,ooo,do,0,1.5,0.0,0.8,5.0,0.5792467532467477,1.4927494399410877,7.372,0.019480158730158723
S22,ooo,do,0,1.5,0.0,0.8,5.0,0.5792467532467477,1.4927494399410877,7.372,0.019480158730158723
S27,ooo,do,0,1.5,0.0,0.8,5.0,0.5792467532467477,1.4927494399410877,7.372,0.019480158730158723
S29,ooo,do,0,-0.0,0.0,0.4444444444444444,9.0,0.5792467532467477,1.4927494399410877,7.372,0.019480158730158723
S3,ooo,do,0,1.5,0.0,0.8,5.0,0.5792467532467477,1.4927494399410877,7.372,0.019480158730158723
S30,ooo,do,0,1.5,0.0,0.8,5.0,0.5792467532467477,1.4927494399410877,7.372,0.019480158730158723
S32,ooo,do,0,1.5,0.0,0.8,5.0,0.5792467532467477,1.4927494399410877,7.372,0.019480158730158723
S33,ooo,do,0,1.5,0.0,0.8,5.0,0.5792467532467477,1.4927494399410877,7.372,0.019480158730158723
S34,ooo,do,0,1.5,0.0,0.8,5.0,0.5792467532467477,1.4927494399410877,7.372,0.019480158730158723
S36,ooo,do,0,1.5,0.0,0.8,5.0,0.5792467532467477,1.4927494399410877,7.372,0.019480158730158723
S37,ooo,do,0,1.5,0.0,0.8,5.0,0.5792467532467477,1.4927494399410877,7.372,0.019480158730158723
S38,ooo,do,0,1.5,0.0,0.8,5.0,0.5792467532467477,1.4927494399410877,7.372,0.019480158730158723
S40,ooo,do,0,1.5,0.0,0.8,5.0,0.5792467532467477,1.4927494399410877,7.372,0.019480158730158723
S41,ooo,do,0,1.5,0.0,0.8,5.0,0.5792467532467477,1.4927494399410877,7.372,0.019480158730158723
S42,ooo,do,0,1.5,0.0,0.8,5.0,0.5792467532467477,1.4927494399410877,7.372,0.019480158730158723
S44,ooo,do,0,1.5,0.0,0.8,5.0,0.5792467532467477,1.4927494399410877,7.372,0.019480158730158723
S47,ooo,do,0,1.5,0.0,0.8,5.0,0.5792467532467477,1.4927494399410877,7.372,0.019480158730158723
S48,ooo,do,0,1.5,0.0,0.8,5.0,0.5792467532467477,1.4927494399410877,7.372,0.019480158730158723
S5,ooo,do,0,1.5,0.0,0.8,5.0,0.5792467532467477,1.4927494399410877,7.372,0.019480158730158723
S52,ooo,do,0,1.5,0.0,0.8,5.0,0.5792467532467477,1.4927494399410877,7.372,0.019480158730158723
S54,ooo,do,0,-0.0,0.0,0.4444444444444444,9.0,0.5792467532467477,1.4927494399410877,7.372,0.019480158730158723
S56,ooo,do,0,1.5,0.0,0.8,5.0,0.5792467532467477,1.4927494399410877,7.372,0.019480158730158723
S57,ooo,do,0,1.5,0.0,0.8,5.0,0.5792467532467477,1.4927494399410877,7.372,0.019480158730158723
S8,ooo,do,0,-0.0,0.0,0.4444444444444444,9.0,0.5792467532467477,1.4927494399410877,7.372,0.019480158730158723
S9,ooo,do,0,-0.0,0.0,0.4444444444444444,9.0,0.5792467532467477,1.4927494399410877,7.372,0.019480158730158723
S1,oox,do,0,0.7219280948873623,0.0,0.7142857142857143,7.0,0.511499611499611,0.8437157024611419,9.38,0.02246666666666667
S10,oox,do,0,0.7219280948873623,0.0,0.7142857142857143,7.0,0.511499611499611,0.8437157024611419,9.38,0.02246666666666667
S11,oox,do,0,0.8112781244591328,0.0,0.5714285714285714,7.0,0.511499611499611,0.8437157024611419,9.38,0.02246666666666667
S14,oox,do,0,0.7219280948873623,0.0,0.7142857142857143,7.0,0.511499611499611,0.8437157024611419,9.38,0.02246666666666667
S15,oox,do,0,0.8112781244591328,0.0,0.5714285714285714,7.0,0.511499611499611,0.8437157024611419,9.38,0.02246666666666667
S22,oox,do,0,0.8112781244591328,0.0,0.5714285714285714,7.0,0.511499611499611,0.8437157024611419,9.38,0.02246666666666667
S27,oox,do,0,0.7219280948873623,0.0,0.7142857142857143,7.0,0.511499611499611,0.8437157024611419,9.38,0.02246666666666667
S29,oox,do,0,0.8112781244591328,0.0,0.5714285714285714,7.0,0.511499611499611,0.8437157024611419,9.38,0.02246666666666667
S3,oox,do,0,-0.0,0.0,0.4444444444444444,9.0,0.511499611499611,0.8437157024611419,9.38,0.02246666666666667
S30,oox,do,0,0.6500224216483541,0.2857142857142857,0.6666666666666666,9.0,0.511499611499611,0.8437157024611419,9.38,0.02246666666666667
S32,oox,do,0,0.7219280948873623,0.0,0.7142857142857143,7.0,0.511499611499611,0.8437157024611419,9.38,0.02246666666666667
S33,oox,do,0,0.7219280948873623,0.0,0.7142857142857143,7.0,0.511499611499611,0.8437157024611419,9.38,0.02246666666666667
S34,oox,do,0,0.8112781244591328,0.0,0.5714285714285714,7.0,0.511499611499611,0.8437157024611419,9.38,0.02246666666666667
S36,oox,do,0,0.8112781244591328,0.0,0.5714285714285714,7.0,0.511499611499611,0.8437157024611419,9.38,0.02246666666666667
S37,oox,do,0,0.7219280948873623,0.0,0.7142857142857143,7.0,0.511499611499611,0.8437157024611419,9.38,0.02246666666666667
S38,oox,do,0,1.5,0.0,0.8,5.0,0.511499611499611,0.8437157024611419,9.38,0.02246666666666667
S40,oox,do,0,0.8112781244591328,0.0,0.5714285714285714,7.0,0.511499611499611,0.8437157024611419,9.38,0.02246666666666667
S41,oox,do,0,0.8112781244591328,0.0,0.5714285714285714,7.0,0.511499611499611,0.8437157024611419,9.38,0.02246666666666667
S42,oox,do,0,0.7219280948873623,0.0,0.7142857142857143,7.0,0.511499611499611,0.8437157024611419,9.38,0.02246666666666667
S44,oox,do,0,0.7219280948873623,0.0,0.7142857142857143,7.0,0.511499611499611,0.8437157024611419,9.38,0.02246666666666667
S47,oox,do,0,0.8112781244591328,0.0,0.5714285714285714,7.0,0.511499611499611,0.8437157024611419,9.38,0.02246666666666667
S48,oox,do,0,0.7219280948873623,0.0,0.7142857142857143,7.0,0.511499611499611,0.8437157024611419,9.38,0.02246666666666667
S5,oox,do,0,0.7219280948873623,0.0,0.7142857142857143,7.0,0.511499611499611,0.8437157024611419,9.38,0.02246666666666667
S52,oox,do,0,-0.0,0.0,0.6666666666666666,9.0,0.511499611499611,0.8437157024611419,9.38,0.02246666666666667
S54,oox,do,0,-0.0,0.0,0.4444444444444444,9.0,0.511499611499611,0.8437157024611419,9.38,0.02246666666666667
S56,oox,do,0,0.8112781244591328,0.0,0.5714285714285714,7.0,0.511499611499611,0.8437157024611419,9.38,0.02246666666666667
S57,oox,do,0,0.8112781244591328,0.0,0.5714285714285714,7.0,0.511499611499611,0.8437157024611419,9.38,0.02246666666666667
S8,oox,do,0,-0.0,0.0,0.4444444444444444,9.0,0.511499611499611,0.8437157024611419,9.38,0.02246666666666667
S9,oox,do,0,-0.0,0.0,0.4444444444444444,9.0,0.511499611499611,0.8437157024611419,9.38,0.02246666666666667
S1,oxo,do,0,-0.0,0.0,0.4444444444444444,9.0,0.4994588313647153,0.3067894420380819,11.422,0.031613053613053645
S10,oxo,do,0,-0.0,0.0,0.6666666666666666,9.0,0.4994588313647153,0.3067894420380819,11.422,0.031613053613053645
S11,oxo,do,0,-0.0,0.0,0.6666666666666666,9.0,0.4994588313647153,0.3067894420380819,11.422,0.031613053613053645
S14,oxo,do,0,0.9182958340544896,0.0,0.6666666666666666,9.0,0.4994588313647153,0.3067894420380819,11.422,0.031613053613053645
S15,oxo,do,0,-0.0,0.0,0.4444444444444444,9.0,0.4994588313647153,0.3067894420380819,11.422,0.031613053613053645
S22,oxo,do,0,-0.0,0.0,0.6666666666666666,9.0,0.4994588313647153,0.3067894420380819,11.422,0.031613053613053645
S27,oxo,do,0,0.9182958340544896,0.0,0.6666666666666666,9.0,0.4994588313647153,0.3067894420380819,11.422,0.031613053613053645
S29,oxo,do,0,-0.0,0.0,0.4444444444444444,9.0,0.4994588313647153,0.3067894420380819,11.422,0.031613053613053645
S3,oxo,do,0,-0.0,0.0,0.4444444444444444,9.0,0.4994588313647153,0.3067894420380819,11.422,0.031613053613053645
S30,oxo,do,0,0.9182958340544896,0.0,0.6666666666666666,9.0,0.4994588313647153,0.3067894420380819,11.422,0.031613053613053645
S32,oxo,do,0,-0.0,0.0,0.4444444444444444,9.0,0.4994588313647153,0.3067894420380819,11.422,0.031613053613053645
S33,oxo,do,0,-0.0,0.0,0.6666666666666666,9.0,0.4994588313647153,0.3067894420380819,11.422,0.031613053613053645
S34,oxo,do,0,-0.0,0.0,0.6666666666666666,9.0,0.4994588313647153,0.3067894420380819,11.422,0.031613053613053645
S36,oxo,do,0,0.9182958340544896,0.0,0.6666666666666666,9.0,0.4994588313647153,0.3067894420380819,11.422,0.031613053613053645
S37,oxo,do,0,-0.0,0.0,0.6666666666666666,9.0,0.4994588313647153,0.3067894420380819,11.422,0.031613053613053645
S38,oxo,do,0,1.5,0.0,0.8,5.0,0.4994588313647153,0.3067894420380819,11.422,0.031613053613053645
S40,oxo,do,0,-0.0,0.0,0.4444444444444444,9.0,0.4994588313647153,0.3067894420380819,11.422,0.031613053613053645
S41,oxo,do,0,-0.0,0.0,0.6666666666666666,9.0,0.4994588313647153,0.3067894420380819,11.422,0.031613053613053645
S42,oxo,do,0,0.9182958340544896,0.0,0.6666666666666666,9.0,0.4994588313647153,0.3067894420380819,11.422,0.031613053613053645
S44,oxo,do,0,-0.0,0.0,0.4444444444444444,9.0,0.4994588313647153,0.3067894420380819,11.422,0.031613053613053645
S47,oxo,do,0,-0.0,0.0,0.4444444444444444,9.0,0.4994588313647153,0.3067894420380819,11.422,0.031613053613053645
S48,oxo,do,0,-0.0,0.0,0.4444444444444444,9.0,0.4994588313647153,0.3067894420380819,11.422,0.031613053613053645
S5,oxo,do,0,0.8112781244591328,0.0,0.8888888888888888,9.0,0.4994588313647153,0.3067894420380819,11.422,0.031613053613053645
S52,oxo,do,0,-0.0,0.0,0.6666666666666666,9.0,0.4994588313647153,0.3067894420380819,11.422,0.031613053613053645
S54,oxo,do,0,-0.0,0.0,0.6666666666666666,9.0,0.4994588313647153,0.3067894420380819,11.422,0.031613053613053645
S56,oxo,do,0,-0.0,0.0,0.6666666666666666,9.0,0.4994588313647153,0.3067894420380819,11.422,0.031613053613053645
S57,oxo,do,0,-0.0,0.0,0.4444444444444444,9.0,0.4994588313647153,0.3067894420380819,11.422,0.031613053613053645
S8,oxo,do,0,-0.0,0.0,0.4444444444444444,9.0,0.4994588313647153,0.3067894420380819,11.422,0.031613053613053645
S9,oxo,do,0,-0.0,0.0,0.4444444444444444,9.0,0.4994588313647153,0.3067894420380819,11.422,0.031613053613053645
S1,oxx,do,0,-0.0,0.0,0.4444444444444444,9.0,0.49296984419089923,0.04363542469650849,11.546,0.03427713952713955
S10,oxx,do,0,-0.0,0.0,0.6666666666666666,9.0,0.49296984419089923,0.04363542469650849,11.546,0.03427713952713955
S11,oxx,do,0,-0.0,0.0,0.6666666666666666,9.0,0.49296984419089923,0.04363542469650849,11.546,0.03427713952713955
S14,oxx,do,0,-0.0,0.0,0.6666666666666666,9.0,0.49296984419089923,0.04363542469650849,11.546,0.03427713952713955
S15,oxx,do,0,-0.0,0.0,0.4444444444444444,9.0,0.49296984419089923,0.04363542469650849,11.546,0.03427713952713955
S22,oxx,do,0,-0.0,0.0,0.6666666666666666,9.0,0.49296984419089923,0.04363542469650849,11.546,0.03427713952713955
S27,oxx,do,0,-0.0,0.0,0.6666666666666666,9.0,0.49296984419089923,0.04363542469650849,11.546,0.03427713952713955
S29,oxx,do,0,-0.0,0.0,0.4444444444444444,9.0,0.49296984419089923,0.04363542469650849,11.546,0.03427713952713955
S3,oxx,do,0,-0.0,0.0,0.4444444444444444,9.0,0.49296984419089923,0.04363542469650849,11.546,0.03427713952713955
S30,oxx,do,0,-0.0,0.0,0.6666666666666666,9.0,0.49296984419089923,0.04363542469650849,11.546,0.03427713952713955
S32,oxx,do,0,-0.0,0.0,0.4444444444444444,9.0,0.49296984419089923,0.04363542469650849,11.546,0.03427713952713955
S33,oxx,do,0,-0.0,0.0,0.6666666666666666,9.0,0.49296984419089923,0.04363542469650849,11.546,0.03427713952713955
S34,oxx,do,0,-0.0,0.0,0.6666666666666666,9.0,0.49296984419089923,0.04363542469650849,11.546,0.03427713952713955
S36,oxx,do,0,-0.0,0.0,0.6666666666666666,9.0,0.49296984419089923,0.04363542469650849,11.546,0.03427713952713955
S37,oxx,do,0,-0.0,0.0,0.6666666666666666,9.0,0.49296984419089923,0.04363542469650849,11.546,0.03427713952713955
S38,oxx,do,0,1.5,0.0,0.8,5.0,0.49296984419089923,0.04363542469650849,11.546,0.03427713952713955
S40,oxx,do,0,-0.0,0.0,0.4444444444444444,9.0,0.49296984419089923,0.04363542469650849,11.546,0.03427713952713955
S41,oxx,do,0,-0.0,0.0,0.4444444444444444,9.0,0.49296984419089923,0.04363542469650849,11.546,0.03427713952713955
S42,oxx,do,0,0.5916727785823275,0.0,0.7777777777777778,9.0,0.49296984419089923,0.04363542469650849,11.546,0.03427713952713955
S44,oxx,do,0,-0.0,0.0,0.4444444444444444,9.0,0.49296984419089923,0.04363542469650849,11.546,0.03427713952713955
S47,oxx,do,0,-0.0,0.0,0.4444444444444444,9.0,0.49296984419089923,0.04363542469650849,11.546,0.03427713952713955
S48,oxx,do,0,-0.0,0.0,0.4444444444444444,9.0,0.49296984419089923,0.04363542469650849,11.546,0.03427713952713955
S5,oxx,do,0,-0.0,0.0,0.6666666666666666,9.0,0.49296984419089923,0.04363542469650849,11.546,0.03427713952713955
S52,oxx,do,0,-0.0,0.0,0.4444444444444444,9.0,0.49296984419089923,0.04363542469650849,11.546,0.03427713952713955
S54,oxx,do,0,-0.0,0.0,0.4444444444444444,9.0,0.49296984419089923,0.04363542469650849,11.546,0.03427713952713955
S56,oxx,do,0,-0.0,0.0,0.4444444444444444,9.0,0.49296984419089923,0.04363542469650849,11.546,0.03427713952713955
S57,oxx,do,0,-0.0,0.0,0.4444444444444444,9.0,0.49296984419089923,0.04363542469650849,11.546,0.03427713952713955
S8,oxx,do,0,-0.0,0.0,0.4444444444444444,9.0,0.49296984419089923,0.04363542469650849,11.546,0.03427713952713955
S9,oxx,do,0,-0.0,0.0,0.4444444444444444,9.0,0.49296984419089923,0.04363542469650849,11.546,0.03427713952713955
S1,xoo,do,0,-0.0,0.0,0.4444444444444444,9.0,0.5132132181543981,0.6932013218498823,11.352,0.027113697413697447
S10,xoo,do,0,1.5,0.0,0.8,5.0,0.5132132181543981,0.6932013218498823,11.352,0.027113697413697447
S11,xoo,do,0,-0.0,0.0,0.6666666666666666,9.0,0.5132132181543981,0.6932013218498823,11.352,0.027113697413697447
S14,xoo,do,0,-0.0,0.0,0.4444444444444444,9.0,0.5132132181543981,0.6932013218498823,11.352,0.027113697413697447
S15,xoo,do,0,-0.0,0.0,0.4444444444444444,9.0,0.5132132181543981,0.6932013218498823,11.352,0.027113697413697447
S22,xoo,do,0,0.5435644431995964,0.1,0.7272727272727273,11.0,0.5132132181543981,0.6932013218498823,11.352,0.027113697413697447
S27,xoo,do,0,0.5916727785823275,0.0,0.6363636363636364,11.0,0.5132132181543981,0.6932013218498823,11.352,0.027113697413697447
S29,xoo,do,0,0.5435644431995964,0.1,0.7272727272727273,11.0,0.5132132181543981,0.6932013218498823,11.352,0.027113697413697447
S3,xoo,do,0,-0.0,0.0,0.4444444444444444,9.0,0.5132132181543981,0.6932013218498823,11.352,0.027113697413697447
S30,xoo,do,0,-0.0,0.0,0.6666666666666666,9.0,0.5132132181543981,0.6932013218498823,11.352,0.027113697413697447
S32,xoo,do,0,-0.0,0.0,0.4444444444444444,9.0,0.5132132181543981,0.6932013218498823,11.352,0.027113697413697447
S33,xoo,do,0,0.5435644431995964,0.1,0.7272727272727273,11.0,0.5132132181543981,0.6932013218498823,11.352,0.027113697413697447
S34,xoo,do,0,-0.0,0.0,0.4444444444444444,9.0,0.5132132181543981,0.6932013218498823,11.352,0.027113697413697447
S36,xoo,do,0,-0.0,0.0,0.4444444444444444,9.0,0.5132132181543981,0.6932013218498823,11.352,0.027113697413697447
S37,xoo,do,0,-0.0,0.0,0.4444444444444444,9.0,0.5132132181543981,0.6932013218498823,11.352,0.027113697413697447
S38,xoo,do,0,-0.0,0.0,0.6666666666666666,9.0,0.5132132181543981,0.6932013218498823,11.352,0.027113697413697447
S40,xoo,do,0,-0.0,0.0,0.4444444444444444,9.0,0.5132132181543981,0.6932013218498823,11.352,0.027113697413697447
S41,xoo,do,0,-0.0,0.0,0.6666666666666666,9.0,0.5132132181543981,0.6932013218498823,11.352,0.027113697413697447
S42,xoo,do,0,-0.0,0.0,0.4444444444444444,9.0,0.5132132181543981,0.6932013218498823,11.352,0.027113697413697447
S44,xoo,do,0,-0.0,0.0,0.4444444444444444,9.0,0.5132132181543981,0.6932013218498823,11.352,0.027113697413697447
S47,xoo,do,0,-0.0,0.0,0.4444444444444444,9.0,0.5132132181543981,0.6932013218498823,11.352,0.027113697413697447
S48,xoo,do,0,-0.0,0.0,0.6666666666666666,9.0,0.5132132181543981,0.6932013218498823,11.352,0.027113697413697447
S5,xoo,do,0,-0.0,0.0,0.6666666666666666,9.0,0.5132132181543981,0.6932013218498823,11.352,0.027113697413697447
S52,xoo,do,0,-0.0,0.0,0.4444444444444444,9.0,0.5132132181543981,0.6932013218498823,11.352,0.027113697413697447
S54,xoo,do,0,-0.0,0.0,0.4444444444444444,9.0,0.5132132181543981,0.6932013218498823,11.352,0.027113697413697447
S56,xoo,do,0,0.5435644431995964,0.1,0.7272727272727273,11.0,0.5132132181543981,0.6932013218498823,11.352,0.027113697413697447
S57,xoo,do,0,-0.0,0.0,0.4444444444444444,9.0,0.5132132181543981,0.6932013218498823,11.352,0.027113697413697447
S8,xoo,do,0,-0.0,0.0,0.4444444444444444,9.0,0.5132132181543981,0.6932013218498823,11.352,0.027113697413697447
S9,xoo,do,0,-0.0,0.0,0.4444444444444444,9.0,0.5132132181543981,0.6932013218498823,11.352,0.027113697413697447
S1,xox,do,0,0.7219280948873623,0.0,0.7142857142857143,7.0,0.46882004662005244,0.8188788158400354,9.462,0.028643434343434356
S10,xox,do,0,0.7219280948873623,0.0,0.7142857142857143,7.0,0.46882004662005244,0.8188788158400354,9.462,0.028643434343434356
S11,xox,do,0,0.7219280948873623,0.0,0.7142857142857143,7.0,0.46882004662005244,0.8188788158400354,9.462,0.028643434343434356
S14,xox,do,0,0.7219280948873623,0.0,0.7142857142857143,7.0,0.46882004662005244,0.8188788158400354,9.462,0.028643434343434356
S15,xox,do,0,0.8112781244591328,0.0,0.5714285714285714,7.0,0.46882004662005244,0.8188788158400354,9.462,0.028643434343434356
S22,xox,do,0,0.8112781244591328,0.0,0.5714285714285714,7.0,0.46882004662005244,0.8188788158400354,9.462,0.028643434343434356
S27,xox,do,0,0.6500224216483541,0.0,0.6666666666666666,9.0,0.46882004662005244,0.8188788158400354,9.462,0.028643434343434356
S29,xox,do,0,0.863120568566631,0.0,0.6363636363636364,11.0,0.46882004662005244,0.8188788158400354,9.462,0.028643434343434356
S3,xox,do,0,0.7219280948873623,0.0,0.7142857142857143,7.0,0.46882004662005244,0.8188788158400354,9.462,0.028643434343434356
S30,xox,do,0,0.7219280948873623,0.0,0.7142857142857143,7.0,0.46882004662005244,0.8188788158400354,9.462,0.028643434343434356
S32,xox,do,0,0.7219280948873623,0.0,0.7142857142857143,7.0,0.46882004662005244,0.8188788158400354,9.462,0.028643434343434356
S33,xox,do,0,0.7219280948873623,0.0,0.7142857142857143,7.0,0.46882004662005244,0.8188788158400354,9.462,0.028643434343434356
S34,xox,do,0,0.8112781244591328,0.0,0.5714285714285714,7.0,0.46882004662005244,0.8188788158400354,9.462,0.028643434343434356
S36,xox,do,0,0.7219280948873623,0.0,0.7142857142857143,7.0,0.46882004662005244,0.8188788158400354,9.462,0.028643434343434356
S37,xox,do,0,0.7219280948873623,0.0,0.7142857142857143,7.0,0.46882004662005244,0.8188788158400354,9.462,0.028643434343434356
S38,xox,do,0,0.5916727785823275,0.0,0.7777777777777778,9.0,0.46882004662005244,0.8188788158400354,9.462,0.028643434343434356
S40,xox,do,0,-0.0,0.1,0.36363636363636365,11.0,0.46882004662005244,0.8188788158400354,9.462,0.028643434343434356
S41,xox,do,0,0.8112781244591328,0.0,0.5714285714285714,7.0,0.46882004662005244,0.8188788158400354,9.462,0.028643434343434356
S42,xox,do,0,0.7219280948873623,0.0,0.7142857142857143,7.0,0.46882004662005244,0.8188788158400354,9.462,0.028643434343434356
S44,xox,do,0,0.6500224216483541,0.0,0.6666666666666666,9.0,0.46882004662005244,0.8188788158400354,9.462,0.028643434343434356
S47,xox,do,0,0.7219280948873623,0.0,0.7142857142857143,7.0,0.46882004662005244,0.8188788158400354,9.462,0.028643434343434356
S48,xox,do,0,0.863120568566631,0.0,0.6363636363636364,11.0,0.46882004662005244,0.8188788158400354,9.462,0.028643434343434356
S5,xox,do,0,0.7219280948873623,0.0,0.7142857142857143,7.0,0.46882004662005244,0.8188788158400354,9.462,0.028643434343434356
S52,xox,do,0,0.7219280948873623,0.0,0.7142857142857143,7.0,0.46882004662005244,0.8188788158400354,9.462,0.028643434343434356
S54,xox,do,0,0.6500224216483541,0.0,0.6666666666666666,9.0,0.46882004662005244,0.8188788158400354,9.462,0.028643434343434356
S56,xox,do,0,0.7219280948873623,0.0,0.7142857142857143,7.0,0.46882004662005244,0.8188788158400354,9.462,0.028643434343434356
S57,xox,do,0,0.7219280948873623,0.0,0.7142857142857143,7.0,0.46882004662005244,0.8188788158400354,9.462,0.028643434343434356
S8,xox,do,0,0.8112781244591328,0.0,0.5714285714285714,7.0,0.46882004662005244,0.8188788158400354,9.462,0.028643434343434356
S9,xox,do,0,1.5,0.125,0.4444444444444444,9.0,0.46882004662005244,0.8188788158400354,9.462,0.028643434343434356
S1,xxo,do,0,-0.0,0.0,0.4444444444444444,9.0,0.4352428473487329,0.06754405399538047,11.422,0.03061713286713288
S10,xxo,do,0,-0.0,0.0,0.6666666666666666,9.0,0.4352428473487329,0.06754405399538047,11.422,0.03061713286713288
S11,xxo,do,0,-0.0,0.0,0.6666666666666666,9.0,0.4352428473487329,0.06754405399538047,11.422,0.03061713286713288
S14,xxo,do,0,-0.0,0.0,0.4444444444444444,9.0,0.4352428473487329,0.06754405399538047,11.422,0.03061713286713288
S15,xxo,do,0,-0.0,0.0,0.4444444444444444,9.0,0.4352428473487329,0.06754405399538047,11.422,0.03061713286713288
S22,xxo,do,0,-0.0,0.0,0.6666666666666666,9.0,0.4352428473487329,0.06754405399538047,11.422,0.03061713286713288
S27,xxo,do,0,-0.0,0.0,0.6666666666666666,9.0,0.4352428473487329,0.06754405399538047,11.422,0.03061713286713288
S29,xxo,do,0,-0.0,0.0,0.4444444444444444,9.0,0.4352428473487329,0.06754405399538047,11.422,0.03061713286713288
S3,xxo,do,0,-0.0,0.0,0.4444444444444444,9.0,0.4352428473487329,0.06754405399538047,11.422,0.03061713286713288
S30,xxo,do,0,-0.0,0.0,0.4444444444444444,9.0,0.4352428473487329,0.06754405399538047,11.422,0.03061713286713288
S32,xxo,do,0,-0.0,0.0,0.4444444444444444,9.0,0.4352428473487329,0.06754405399538047,11.422,0.03061713286713288
S33,xxo,do,0,0.5435644431995964,0.1,0.7272727272727273,11.0,0.4352428473487329,0.06754405399538047,11.422,0.03061713286713288
S34,xxo,do,0,-0.0,0.0,0.4444444444444444,9.0,0.4352428473487329,0.06754405399538047,11.422,0.03061713286713288
S36,xxo,do,0,-0.0,0.1,0.36363636363636365,11.0,0.4352428473487329,0.06754405399538047,11.422,0.03061713286713288
S37,xxo,do,0,-0.0,0.0,0.4444444444444444,9.0,0.4352428473487329,0.06754405399538047,11.422,0.03061713286713288
S38,xxo,do,0,1.5,0.0,0.8,5.0,0.4352428473487329,0.06754405399538047,11.422,0.03061713286713288
S40,xxo,do,0,-0.0,0.0,0.4444444444444444,9.0,0.4352428473487329,0.06754405399538047,11.422,0.03061713286713288
S41,xxo,do,0,-0.0,0.0,0.4444444444444444,9.0,0.4352428473487329,0.06754405399538047,11.422,0.03061713286713288
S42,xxo,do,0,0.7219280948873623,0.1,0.45454545454545453,11.0,0.4352428473487329,0.06754405399538047,11.422,0.03061713286713288
S44,xxo,do,0,-0.0,0.0,0.6666666666666666,9.0,0.4352428473487329,0.06754405399538047,11.422,0.03061713286713288
S47,xxo,do,0,-0.0,0.0,0.4444444444444444,9.0,0.4352428473487329,0.06754405399538047,11.422,0.03061713286713288
S48,xxo,do,0,-0.0,0.0,0.4444444444444444,9.0,0.4352428473487329,0.06754405399538047,11.422,0.03061713286713288
S5,xxo,do,0,-0.0,0.0,0.6666666666666666,9.0,0.4352428473487329,0.06754405399538047,11.422,0.03061713286713288
S52,xxo,do,0,-0.0,0.0,0.4444444444444444,9.0,0.4352428473487329,0.06754405399538047,11.422,0.03061713286713288
S54,xxo,do,0,-0.0,0.0,0.4444444444444444,9.0,0.4352428473487329,0.06754405399538047,11.422,0.03061713286713288
S56,xxo,do,0,-0.0,0.0,0.6666666666666666,9.0,0.4352428473487329,0.06754405399538047,11.422,0.03061713286713288
S57,xxo,do,0,-0.0,0.0,0.4444444444444444,9.0,0.4352428473487329,0.06754405399538047,11.422,0.03061713286713288
S8,xxo,do,0,-0.0,0.0,0.4444444444444444,9.0,0.4352428473487329,0.06754405399538047,11.422,0.03061713286713288
S9,xxo,do,0,0.7219280948873623,0.0,0.5555555555555556,9.0,0.4352428473487329,0.06754405399538047,11.422,0.03061713286713288
S1,xxx,do,0,1.5,0.8571428571428571,0.3076923076923077,13.0,0.5082238251120147,1.479788159062938,8.648,0.10522871572871585
S10,xxx,do,0,1.5,0.0,0.8,5.0,0.5082238251120147,1.479788159062938,8.648,0.10522871572871585
S11,xxx,do,0,0.8112781244591328,0.0,0.5714285714285714,7.0,0.5082238251120147,1.479788159062938,8.648,0.10522871572871585
S14,xxx,do,0,1.5,0.0,0.8,5.0,0.5082238251120147,1.479788159062938,8.648,0.10522871572871585
S15,xxx,do,0,1.5,0.0,0.8,5.0,0.5082238251120147,1.479788159062938,8.648,0.10522871572871585
S22,xxx,do,0,1.5,0.0,0.8,5.0,0.5082238251120147,1.479788159062938,8.648,0.10522871572871585
S27,xxx,do,0,1.5,0.0,0.8,5.0,0.5082238251120147,1.479788159062938,8.648,0.10522871572871585
S29,xxx,do,0,-0.0,0.0,0.4444444444444444,9.0,0.5082238251120147,1.479788159062938,8.648,0.10522871572871585
S3,xxx,do,0,1.5,0.0,0.8,5.0,0.5082238251120147,1.479788159062938,8.648,0.10522871572871585
S30,xxx,do,0,1.5,0.0,0.8,5.0,0.5082238251120147,1.479788159062938,8.648,0.10522871572871585
S32,xxx,do,0,1.5,0.0,0.8,5.0,0.5082238251120147,1.479788159062938,8.648,0.10522871572871585
S33,xxx,do,0,1.5,0.0,0.8,5.0,0.5082238251120147,1.479788159062938,8.648,0.10522871572871585
S34,xxx,do,0,1.5,0.16666666666666666,0.5714285714285714,7.0,0.5082238251120147,1.479788159062938,8.648,0.10522871572871585
S36,xxx,do,0,1.5,0.0,0.8,5.0,0.5082238251120147,1.479788159062938,8.648,0.10522871572871585
S37,xxx,do,0,1.5,0.0,0.8,5.0,0.5082238251120147,1.479788159062938,8.648,0.10522871572871585
S38,xxx,do,0,1.5,0.0,0.8,5.0,0.5082238251120147,1.479788159062938,8.648,0.10522871572871585
S40,xxx,do,0,-0.0,0.0,0.4444444444444444,9.0,0.5082238251120147,1.479788159062938,8.648,0.10522871572871585
S41,xxx,do,0,1.5,0.16666666666666666,0.5714285714285714,7.0,0.5082238251120147,1.479788159062938,8.648,0.10522871572871585
S42,xxx,do,0,1.5,0.16666666666666666,0.5714285714285714,7.0,0.5082238251120147,1.479788159062938,8.648,0.10522871572871585
S44,xxx,do,0,1.5,0.0,0.8,5.0,0.5082238251120147,1.479788159062938,8.648,0.10522871572871585
S47,xxx,do,0,1.5,0.0,0.8,5.0,0.5082238251120147,1.479788159062938,8.648,0.10522871572871585
S48,xxx,do,0,1.5,0.0,0.8,5.0,0.5082238251120147,1.479788159062938,8.648,0.10522871572871585
S5,xxx,do,0,1.5,0.0,0.8,5.0,0.5082238251120147,1.479788159062938,8.648,0.10522871572871585
S52,xxx,do,0,1.5,0.0,0.8,5.0,0.5082238251120147,1.479788159062938,8.648,0.10522871572871585
S54,xxx,do,0,1.5,0.0,0.8,5.0,0.5082238251120147,1.479788159062938,8.648,0.10522871572871585
S56,xxx,do,0,-0.0,0.0,0.4444444444444444,9.0,0.5082238251120147,1.479788159062938,8.648,0.10522871572871585
S57,xxx,do,0,1.5,0.0,0.8,5.0,0.5082238251120147,1.479788159062938,8.648,0.10522871572871585
S8,xxx,do,0,1.5,0.0,0.8,5.0,0.5082238251120147,1.479788159062938,8.648,0.10522871572871585
S9,xxx,do,0,-0.0,0.4444444444444444,0.3076923076923077,13.0,0.5082238251120147,1.479788159062938,8.648,0.10522871572871585
S0,ooo,show,10,1.4591479170272446,0.46153846153846156,0.9473684210526315,19.0,0.6708728134610474,1.452128095997288,9.312,0.1378101010101011
S12,ooo,show,10,1.5812908992306924,0.0,0.8,25.0,0.6708728134610474,1.452128095997288,9.312,0.1378101010101011
S13,ooo,show,10,1.5,0.0,0.8,5.0,0.6708728134610474,1.452128095997288,9.312,0.1378101010101011
S16,ooo,show,10,1.5,0.0,0.8,5.0,0.6708728134610474,1.452128095997288,9.312,0.1378101010101011
S17,ooo,show,10,1.5812908992306924,0.0,0.8,25.0,0.6708728134610474,1.452128095997288,9.312,0.1378101010101011
S18,ooo,show,10,1.5715416718219246,0.10526315789473684,0.8571428571428571,21.0,0.6708728134610474,1.452128095997288,9.312,0.1378101010101011
S19,ooo,show,10,1.548565226030918,0.1875,0.8947368421052632,19.0,0.6708728134610474,1.452128095997288,9.312,0.1378101010101011
S2,ooo,show,10,1.5,0.0,0.8,5.0,0.6708728134610474,1.452128095997288,9.312,0.1378101010101011
S20,ooo,show,10,1.5,0.0,0.8,5.0,0.6708728134610474,1.452128095997288,9.312,0.1378101010101011
S21,ooo,show,10,-0.0,0.0,0.4444444444444444,9.0,0.6708728134610474,1.452128095997288,9.312,0.1378101010101011
S23,ooo,show,10,1.5,0.0,0.8,5.0,0.6708728134610474,1.452128095997288,9.312,0.1378101010101011
S24,ooo,show,10,1.5,0.0,0.8,5.0,0.6708728134610474,1.452128095997288,9.312,0.1378101010101011
S25,ooo,show,10,1.4591479170272446,0.0,0.8571428571428571,7.0,0.6708728134610474,1.452128095997288,9.312,0.1378101010101011
S26,ooo,show,10,1.5219280948873621,0.0,0.5555555555555556,9.0,0.6708728134610474,1.452128095997288,9.312,0.1378101010101011
S28,ooo,show,10,1.5,0.0,0.8,5.0,0.6708728134610474,1.452128095997288,9.312,0.1378101010101011
S31,ooo,show,10,1.5,0.0,0.8,5.0,0.6708728134610474,1.452128095997288,9.312,0.1378101010101011
S35,ooo,show,10,1.5,0.0,0.8,5.0,0.6708728134610474,1.452128095997288,9.312,0.1378101010101011
S39,ooo,show,10,1.5219280948873621,0.0,0.7142857142857143,7.0,0.6708728134610474,1.452128095997288,9.312,0.1378101010101011
S4,ooo,show,10,1.4315602842833155,0.07142857142857142,0.9333333333333333,15.0,0.6708728134610474,1.452128095997288,9.312,0.1378101010101011
S43,ooo,show,10,1.5663672668986361,0.45,0.9310344827586207,29.0,0.6708728134610474,1.452128095997288,9.312,0.1378101010101011
S45,ooo,show,10,0.7219280948873623,0.0,0.7142857142857143,7.0,0.6708728134610474,1.452128095997288,9.312,0.1378101010101011
S46,ooo,show,10,1.5461796919474975,0.4166666666666667,0.9411764705882353,17.0,0.6708728134610474,1.452128095997288,9.312,0.1378101010101011
S49,ooo,show,10,1.5,0.0,0.8,5.0,0.6708728134610474,1.452128095997288,9.312,0.1378101010101011
S50,ooo,show,10,1.5219280948873621,0.05555555555555555,0.7894736842105263,19.0,0.6708728134610474,1.452128095997288,9.312,0.1378101010101011
S51,ooo,show,10,1.5219280948873621,0.0,0.7142857142857143,7.0,0.6708728134610474,1.452128095997288,9.312,0.1378101010101011
S53,ooo,show,10,1.5812908992306924,0.0,0.8,25.0,0.6708728134610474,1.452128095997288,9.312,0.1378101010101011
S55,ooo,show,10,1.5,0.0,0.8,5.0,0.6708728134610474,1.452128095997288,9.312,0.1378101010101011
S6,ooo,show,10,1.5,0.0,0.8,5.0,0.6708728134610474,1.452128095997288,9.312,0.1378101010101011
S7,ooo,show,10,1.5,0.0,0.8,5.0,0.6708728134610474,1.452128095997288,9.312,0.1378101010101011
S0,oox,show,10,0.8812908992306927,0.08333333333333333,0.7692307692307693,13.0,0.5662373417432163,0.9804775951091576,9.52,0.028663969363969394
S12,oox,show,10,0.9774178175281716,0.26666666666666666,0.8947368421052632,19.0,0.5662373417432163,0.9804775951091576,9.52,0.028663969363969394
S13,oox,show,10,0.9709505944546686,0.0,0.7142857142857143,7.0,0.5662373417432163,0.9804775951091576,9.52,0.028663969363969394
S16,oox,show,10,0.9709505944546686,0.0,0.7142857142857143,7.0,0.5662373417432163,0.9804775951091576,9.52,0.028663969363969394
S17,oox,show,10,0.9975025463691152,0.23529411764705882,0.8095238095238095,21.0,0.5662373417432163,0.9804775951091576,9.52,0.028663969363969394
S18,oox,show,10,0.9910760598382222,0.1,0.8181818181818182,11.0,0.5662373417432163,0.9804775951091576,9.52,0.028663969363969394
S19,oox,show,10,1.0,0.0,0.7272727272727273,11.0,0.5662373417432163,0.9804775951091576,9.52,0.028663969363969394
S2,oox,show,10,0.8112781244591328,0.0,0.5714285714285714,7.0,0.5662373417432163,0.9804775951091576,9.52,0.028663969363969394
S20,oox,show,10,0.7219280948873623,0.0,0.7142857142857143,7.0,0.5662373417432163,0.9804775951091576,9.52,0.028663969363969394
S21,oox,show,10,-0.0,0.0,0.4444444444444444,9.0,0.5662373417432163,0.9804775951091576,9.52,0.028663969363969394
S23,oox,show,10,0.7219280948873623,0.0,0.7142857142857143,7.0,0.5662373417432163,0.9804775951091576,9.52,0.028663969363969394
S24,oox,show,10,1.0,0.0625,0.8235294117647058,17.0,0.5662373417432163,0.9804775951091576,9.52,0.028663969363969394
S25,oox,show,10,0.9709505944546686,0.0,0.7142857142857143,7.0,0.5662373417432163,0.9804775951091576,9.52,0.028663969363969394
S26,oox,show,10,0.9852281360342515,0.3076923076923077,0.8235294117647058,17.0,0.5662373417432163,0.9804775951091576,9.52,0.028663969363969394
S28,oox,show,10,0.7219280948873623,0.0,0.7142857142857143,7.0,0.5662373417432163,0.9804775951091576,9.52,0.028663969363969394
S31,oox,show,10,0.9709505944546686,0.0,0.7142857142857143,7.0,0.5662373417432163,0.9804775951091576,9.52,0.028663969363969394
S35,oox,show,10,0.7219280948873623,0.0,0.7142857142857143,7.0,0.5662373417432163,0.9804775951091576,9.52,0.028663969363969394
S39,oox,show,10,0.863120568566631,0.0,0.7777777777777778,9.0,0.5662373417432163,0.9804775951091576,9.52,0.028663969363969394
S4,oox,show,10,1.0,0.0,0.7692307692307693,13.0,0.5662373417432163,0.9804775951091576,9.52,0.028663969363969394
S43,oox,show,10,0.9980008838722996,1.4545454545454546,0.7037037037037037,27.0,0.5662373417432163,0.9804775951091576,9.52,0.028663969363969394
S45,oox,show,10,0.7219280948873623,0.0,0.7142857142857143,7.0,0.5662373417432163,0.9804775951091576,9.52,0.028663969363969394
S46,oox,show,10,1.0,0.3,0.7692307692307693,13.0,0.5662373417432163,0.9804775951091576,9.52,0.028663969363969394
S49,oox,show,10,0.7219280948873623,0.0,0.5555555555555556,9.0,0.5662373417432163,0.9804775951091576,9.52,0.028663969363969394
S50,oox,show,10,0.9182958340544896,0.26666666666666666,0.7894736842105263,19.0,0.5662373417432163,0.9804775951091576,9.52,0.028663969363969394
S51,oox,show,10,0.954434002924965,0.0,0.7272727272727273,11.0,0.5662373417432163,0.9804775951091576,9.52,0.028663969363969394
S53,oox,show,10,0.9992492479956565,1.0588235294117647,0.8857142857142857,35.0,0.5662373417432163,0.9804775951091576,9.52,0.028663969363969394
S55,oox,show,10,0.8112781244591328,0.0,0.5714285714285714,7.0,0.5662373417432163,0.9804775951091576,9.52,0.028663969363969394
S6,oox,show,10,0.7219280948873623,0.0,0.7142857142857143,7.0,0.5662373417432163,0.9804775951091576,9.52,0.028663969363969394
S7,oox,show,10,0.8112781244591328,0.0,0.5714285714285714,7.0,0.5662373417432163,0.9804775951091576,9.52,0.028663969363969394
S0,oxo,show,10,0.9182958340544896,0.07142857142857142,0.8,15.0,0.6249721925133684,0.897447824479116,11.552,0.028955710955710937
S12,oxo,show,10,0.9709505944546686,0.4,0.9523809523809523,21.0,0.6249721925133684,0.897447824479116,11.552,0.028955710955710937
S13,oxo,show,10,0.9182958340544896,0.0,0.6666666666666666,9.0,0.6249721925133684,0.897447824479116,11.552,0.028955710955710937
S16,oxo,show,10,0.8112781244591328,0.0,0.8888888888888888,9.0,0.6249721925133684,0.897447824479116,11.552,0.028955710955710937
S17,oxo,show,10,0.9760206482366149,0.47058823529411764,0.88,25.0,0.6249721925133684,0.897447824479116,11.552,0.028955710955710937
S18,oxo,show,10,0.9494520153879484,0.4,0.9047619047619048,21.0,0.6249721925133684,0.897447824479116,11.552,0.028955710955710937
S19,oxo,show,10,0.9819407868640977,0.35,0.7037037037037037,27.0,0.6249721925133684,0.897447824479116,11.552,0.028955710955710937
S2,oxo,show,10,0.8112781244591328,0.0,0.8888888888888888,9.0,0.6249721925133684,0.897447824479116,11.552,0.028955710955710937
S20,oxo,show,10,0.9182958340544896,0.0,0.6666666666666666,9.0,0.6249721925133684,0.897447824479116,11.552,0.028955710955710937
S21,oxo,show,10,-0.0,0.0,0.4444444444444444,9.0,0.6249721925133684,0.897447824479116,11.552,0.028955710955710937
S23,oxo,show,10,0.8112781244591328,0.0,0.8888888888888888,9.0,0.6249721925133684,0.897447824479116,11.552,0.028955710955710937
S24,oxo,show,10,0.8112781244591328,0.0,0.8888888888888888,9.0,0.6249721925133684,0.897447824479116,11.552,0.028955710955710937
S25,oxo,show,10,0.8112781244591328,0.0,0.8888888888888888,9.0,0.6249721925133684,0.897447824479116,11.552,0.028955710955710937
S26,oxo,show,10,0.9798687566511528,0.13333333333333333,0.7058823529411765,17.0,0.6249721925133684,0.897447824479116,11.552,0.028955710955710937
S28,oxo,show,10,0.5435644431995964,0.1,0.7272727272727273,11.0,0.6249721925133684,0.897447824479116,11.552,0.028955710955710937
S31,oxo,show,10,-0.0,0.0,0.4444444444444444,9.0,0.6249721925133684,0.897447824479116,11.552,0.028955710955710937
S35,oxo,show,10,0.8112781244591328,0.0,0.8888888888888888,9.0,0.6249721925133684,0.897447824479116,11.552,0.028955710955710937
S39,oxo,show,10,0.8112781244591328,0.0,0.8888888888888888,9.0,0.6249721925133684,0.897447824479116,11.552,0.028955710955710937
S4,oxo,show,10,0.8112781244591328,0.0,0.8888888888888888,9.0,0.6249721925133684,0.897447824479116,11.552,0.028955710955710937
S43,oxo,show,10,0.8708644692353644,0.8125,0.8275862068965517,29.0,0.6249721925133684,0.897447824479116,11.552,0.028955710955710937
S45,oxo,show,10,0.8112781244591328,0.0,0.8888888888888888,9.0,0.6249721925133684,0.897447824479116,11.552,0.028955710955710937
S46,oxo,show,10,0.9709505944546686,0.0,0.7692307692307693,13.0,0.6249721925133684,0.897447824479116,11.552,0.028955710955710937
S49,oxo,show,10,0.7219280948873623,0.0,0.5555555555555556,9.0,0.6249721925133684,0.897447824479116,11.552,0.028955710955710937
S50,oxo,show,10,0.8812908992306927,0.07142857142857142,0.6666666666666666,15.0,0.6249721925133684,0.897447824479116,11.552,0.028955710955710937
S51,oxo,show,10,0.9456603046006401,0.21428571428571427,0.6470588235294118,17.0,0.6249721925133684,0.897447824479116,11.552,0.028955710955710937
S53,oxo,show,10,0.9910760598382222,0.23529411764705882,0.8571428571428571,21.0,0.6249721925133684,0.897447824479116,11.552,0.028955710955710937
S55,oxo,show,10,0.9182958340544896,0.0,0.6666666666666666,9.0,0.6249721925133684,0.897447824479116,11.552,0.028955710955710937
S6,oxo,show,10,0.9182958340544896,0.0,0.6666666666666666,9.0,0.6249721925133684,0.897447824479116,11.552,0.028955710955710937
S7,oxo,show,10,0.7219280948873623,0.0,0.5555555555555556,9.0,0.6249721925133684,0.897447824479116,11.552,0.028955710955710937
S0,oxx,show,10,-0.0,0.0,0.6666666666666666,9.0,0.5914809149570824,0.0663548032119906,12.778,0.13819075507825648
S12,oxx,show,10,-0.0,0.0,0.6666666666666666,9.0,0.5914809149570824,0.0663548032119906,12.778,0.13819075507825648
S13,oxx,show,10,-0.0,0.0,0.6666666666666666,9.0,0.5914809149570824,0.0663548032119906,12.778,0.13819075507825648
S16,oxx,show,10,-0.0,0.0,0.6666666666666666,9.0,0.5914809149570824,0.0663548032119906,12.778,0.13819075507825648
S17,oxx,show,10,-0.0,0.0,0.6666666666666666,9.0,0.5914809149570824,0.0663548032119906,12.778,0.13819075507825648
S18,oxx,show,10,-0.0,0.1,0.7272727272727273,11.0,0.5914809149570824,0.0663548032119906,12.778,0.13819075507825648
S19,oxx,show,10,-0.0,0.0,0.6363636363636364,11.0,0.5914809149570824,0.0663548032119906,12.778,0.13819075507825648
S2,oxx,show,10,-0.0,0.0,0.4444444444444444,9.0,0.5914809149570824,0.0663548032119906,12.778,0.13819075507825648
S20,oxx,show,10,-0.0,0.0,0.6666666666666666,9.0,0.5914809149570824,0.0663548032119906,12.778,0.13819075507825648
S21,oxx,show,10,-0.0,0.18181818181818182,0.3076923076923077,13.0,0.5914809149570824,0.0663548032119906,12.778,0.13819075507825648
S23,oxx,show,10,-0.0,0.0,0.4444444444444444,9.0,0.5914809149570824,0.0663548032119906,12.778,0.13819075507825648
S24,oxx,show,10,-0.0,0.0,0.6363636363636364,11.0,0.5914809149570824,0.0663548032119906,12.778,0.13819075507825648
S25,oxx,show,10,-0.0,0.0,0.6666666666666666,9.0,0.5914809149570824,0.0663548032119906,12.778,0.13819075507825648
S26,oxx,show,10,-0.0,0.0,0.6666666666666666,9.0,0.5914809149570824,0.0663548032119906,12.778,0.13819075507825648
S28,oxx,show,10,-0.0,0.0,0.6666666666666666,9.0,0.5914809149570824,0.0663548032119906,12.778,0.13819075507825648
S31,oxx,show,10,-0.0,0.0,0.4444444444444444,9.0,0.5914809149570824,0.0663548032119906,12.778,0.13819075507825648
S35,oxx,show,10,-0.0,0.0,0.6666666666666666,9.0,0.5914809149570824,0.0663548032119906,12.778,0.13819075507825648
S39,oxx,show,10,-0.0,0.0,0.6363636363636364,11.0,0.5914809149570824,0.0663548032119906,12.778,0.13819075507825648
S4,oxx,show,10,-0.0,0.0,0.6666666666666666,9.0,0.5914809149570824,0.0663548032119906,12.778,0.13819075507825648
S43,oxx,show,10,-0.0,1.0769230769230769,0.6666666666666666,27.0,0.5914809149570824,0.0663548032119906,12.778,0.13819075507825648
S45,oxx,show,10,-0.0,0.0,0.6666666666666666,9.0,0.5914809149570824,0.0663548032119906,12.778,0.13819075507825648
S46,oxx,show,10,-0.0,0.36363636363636365,0.7333333333333333,15.0,0.5914809149570824,0.0663548032119906,12.778,0.13819075507825648
S49,oxx,show,10,-0.0,0.0,0.4444444444444444,9.0,0.5914809149570824,0.0663548032119906,12.778,0.13819075507825648
S50,oxx,show,10,-0.0,1.1111111111111112,0.631578947368421,19.0,0.5914809149570824,0.0663548032119906,12.778,0.13819075507825648
S51,oxx,show,10,-0.0,0.0,0.6666666666666666,9.0,0.5914809149570824,0.0663548032119906,12.778,0.13819075507825648
S53,oxx,show,10,-0.0,1.0909090909090908,0.8260869565217391,23.0,0.5914809149570824,0.0663548032119906,12.778,0.13819075507825648
S55,oxx,show,10,-0.0,0.0,0.4444444444444444,9.0,0.5914809149570824,0.0663548032119906,12.778,0.13819075507825648
S6,oxx,show,10,-0.0,0.0,0.6666666666666666,9.0,0.5914809149570824,0.0663548032119906,12.778,0.13819075507825648
S7,oxx,show,10,-0.0,0.0,0.4444444444444444,9.0,0.5914809149570824,0.0663548032119906,12.778,0.13819075507825648
S0,xoo,show,10,1.5219280948873621,0.0,0.7142857142857143,7.0,0.5359342931578245,0.9571081791174187,11.49,0.03201244866244869
S12,xoo,show,10,0.9852281360342515,0.0625,0.8235294117647058,17.0,0.5359342931578245,0.9571081791174187,11.49,0.03201244866244869
S13,xoo,show,10,0.5435644431995964,0.1,0.7272727272727273,11.0,0.5359342931578245,0.9571081791174187,11.49,0.03201244866244869
S16,xoo,show,10,0.863120568566631,0.0,0.6363636363636364,11.0,0.5359342931578245,0.9571081791174187,11.49,0.03201244866244869
S17,xoo,show,10,0.9957274520849255,0.0,0.7647058823529411,17.0,0.5359342931578245,0.9571081791174187,11.49,0.03201244866244869
S18,xoo,show,10,0.9798687566511528,0.15384615384615385,0.8,15.0,0.5359342931578245,0.9571081791174187,11.49,0.03201244866244869
S19,xoo,show,10,0.9957274520849255,0.0,0.7647058823529411,17.0,0.5359342931578245,0.9571081791174187,11.49,0.03201244866244869
S2,xoo,show,10,0.9182958340544896,0.0,0.6666666666666666,9.0,0.5359342931578245,0.9571081791174187,11.49,0.03201244866244869
S20,xoo,show,10,-0.0,0.0,0.6666666666666666,9.0,0.5359342931578245,0.9571081791174187,11.49,0.03201244866244869
S21,xoo,show,10,-0.0,0.0,0.4444444444444444,9.0,0.5359342931578245,0.9571081791174187,11.49,0.03201244866244869
S23,xoo,show,10,1.224394445405986,0.08333333333333333,0.6923076923076923,13.0,0.5359342931578245,0.9571081791174187,11.49,0.03201244866244869
S24,xoo,show,10,1.5715416718219246,0.15,0.782608695652174,23.0,0.5359342931578245,0.9571081791174187,11.49,0.03201244866244869
S25,xoo,show,10,1.3709505944546687,0.0,0.7142857142857143,7.0,0.5359342931578245,0.9571081791174187,11.49,0.03201244866244869
S26,xoo,show,10,0.5435644431995964,0.0,0.7272727272727273,11.0,0.5359342931578245,0.9571081791174187,11.49,0.03201244866244869
S28,xoo,show,10,-0.0,0.0,0.6666666666666666,9.0,0.5359342931578245,0.9571081791174187,11.49,0.03201244866244869
S31,xoo,show,10,0.9182958340544896,0.0,0.6666666666666666,9.0,0.5359342931578245,0.9571081791174187,11.49,0.03201244866244869
S35,xoo,show,10,0.9940302114769565,0.0,0.7333333333333333,15.0,0.5359342931578245,0.9571081791174187,11.49,0.03201244866244869
S39,xoo,show,10,0.863120568566631,0.0,0.6363636363636364,11.0,0.5359342931578245,0.9571081791174187,11.49,0.03201244866244869
S4,xoo,show,10,0.9182958340544896,0.0,0.6666666666666666,9.0,0.5359342931578245,0.9571081791174187,11.49,0.03201244866244869
S43,xoo,show,10,0.9927744539878083,0.4375,0.8695652173913043,23.0,0.5359342931578245,0.9571081791174187,11.49,0.03201244866244869
S45,xoo,show,10,-0.0,0.0,0.6666666666666666,9.0,0.5359342931578245,0.9571081791174187,11.49,0.03201244866244869
S46,xoo,show,10,0.9940302114769565,0.0,0.7333333333333333,15.0,0.5359342931578245,0.9571081791174187,11.49,0.03201244866244869
S49,xoo,show,10,0.6500224216483541,0.0,0.6666666666666666,9.0,0.5359342931578245,0.9571081791174187,11.49,0.03201244866244869
S50,xoo,show,10,0.8524051786494786,1.0909090909090908,0.782608695652174,23.0,0.5359342931578245,0.9571081791174187,11.49,0.03201244866244869
S51,xoo,show,10,0.7219280948873623,0.0,0.5555555555555556,9.0,0.5359342931578245,0.9571081791174187,11.49,0.03201244866244869
S53,xoo,show,10,0.9957274520849255,0.0,0.7647058823529411,17.0,0.5359342931578245,0.9571081791174187,11.49,0.03201244866244869
S55,xoo,show,10,0.5916727785823275,0.1,0.6363636363636364,11.0,0.5359342931578245,0.9571081791174187,11.49,0.03201244866244869
S6,xoo,show,10,1.5,0.0,0.8,5.0,0.5359342931578245,0.9571081791174187,11.49,0.03201244866244869
S7,xoo,show,10,0.6500224216483541,0.0,0.6666666666666666,9.0,0.5359342931578245,0.9571081791174187,11.49,0.03201244866244869
S0,xox,show,10,0.4394969869215134,0.625,0.8461538461538461,13.0,0.4266441235407243,0.8263274551963924,10.236,0.08472264957264942
S12,xox,show,10,0.5032583347756457,0.2222222222222222,0.8181818181818182,11.0,0.4266441235407243,0.8263274551963924,10.236,0.08472264957264942
S13,xox,show,10,1.224394445405986,0.08333333333333333,0.6923076923076923,13.0,0.4266441235407243,0.8263274551963924,10.236,0.08472264957264942
S16,xox,show,10,0.9709505944546686,0.0,0.7142857142857143,7.0,0.4266441235407243,0.8263274551963924,10.236,0.08472264957264942
S17,xox,show,10,0.5032583347756457,0.2222222222222222,0.8181818181818182,11.0,0.4266441235407243,0.8263274551963924,10.236,0.08472264957264942
S18,xox,show,10,0.6840384356390417,0.3,0.8461538461538461,13.0,0.4266441235407243,0.8263274551963924,10.236,0.08472264957264942
S19,xox,show,10,0.5435644431995964,0.1,0.7272727272727273,11.0,0.4266441235407243,0.8263274551963924,10.236,0.08472264957264942
S2,xox,show,10,0.7219280948873623,0.0,0.7142857142857143,7.0,0.4266441235407243,0.8263274551963924,10.236,0.08472264957264942
S20,xox,show,10,0.7219280948873623,0.0,0.7142857142857143,7.0,0.4266441235407243,0.8263274551963924,10.236,0.08472264957264942
S21,xox,show,10,-0.0,0.0,0.4444444444444444,9.0,0.4266441235407243,0.8263274551963924,10.236,0.08472264957264942
S23,xox,show,10,0.7219280948873623,0.0,0.7142857142857143,7.0,0.4266441235407243,0.8263274551963924,10.236,0.08472264957264942
S24,xox,show,10,0.6500224216483541,0.0,0.6666666666666666,9.0,0.4266441235407243,0.8263274551963924,10.236,0.08472264957264942
S25,xox,show,10,0.7219280948873623,0.0,0.7142857142857143,7.0,0.4266441235407243,0.8263274551963924,10.236,0.08472264957264942
S26,xox,show,10,0.7219280948873623,0.0,0.7142857142857143,7.0,0.4266441235407243,0.8263274551963924,10.236,0.08472264957264942
S28,xox,show,10,0.863120568566631,0.125,0.7777777777777778,9.0,0.4266441235407243,0.8263274551963924,10.236,0.08472264957264942
S31,xox,show,10,0.7219280948873623,0.0,0.7142857142857143,7.0,0.4266441235407243,0.8263274551963924,10.236,0.08472264957264942
S35,xox,show,10,0.6500224216483541,0.0,0.6666666666666666,9.0,0.4266441235407243,0.8263274551963924,10.236,0.08472264957264942
S39,xox,show,10,0.6500224216483541,0.0,0.6666666666666666,9.0,0.4266441235407243,0.8263274551963924,10.236,0.08472264957264942
S4,xox,show,10,0.7219280948873623,0.0,0.7142857142857143,7.0,0.4266441235407243,0.8263274551963924,10.236,0.08472264957264942
S43,xox,show,10,0.2974722489192896,1.5833333333333333,0.6129032258064516,31.0,0.4266441235407243,0.8263274551963924,10.236,0.08472264957264942
S45,xox,show,10,0.7219280948873623,0.0,0.7142857142857143,7.0,0.4266441235407243,0.8263274551963924,10.236,0.08472264957264942
S46,xox,show,10,0.7219280948873623,0.0,0.7142857142857143,7.0,0.4266441235407243,0.8263274551963924,10.236,0.08472264957264942
S49,xox,show,10,0.8112781244591328,0.0,0.5714285714285714,7.0,0.4266441235407243,0.8263274551963924,10.236,0.08472264957264942
S50,xox,show,10,0.4689955935892812,0.3,0.7692307692307693,13.0,0.4266441235407243,0.8263274551963924,10.236,0.08472264957264942
S51,xox,show,10,0.7219280948873623,0.0,0.7142857142857143,7.0,0.4266441235407243,0.8263274551963924,10.236,0.08472264957264942
S53,xox,show,10,0.3095434291503252,1.1,0.8571428571428571,21.0,0.4266441235407243,0.8263274551963924,10.236,0.08472264957264942
S55,xox,show,10,0.6500224216483541,0.0,0.6666666666666666,9.0,0.4266441235407243,0.8263274551963924,10.236,0.08472264957264942
S6,xox,show,10,0.863120568566631,0.125,0.7777777777777778,9.0,0.4266441235407243,0.8263274551963924,10.236,0.08472264957264942
S7,xox,show,10,0.8112781244591328,0.0,0.5714285714285714,7.0,0.4266441235407243,0.8263274551963924,10.236,0.08472264957264942
S0,xxo,show,10,-0.0,0.1,0.7272727272727273,11.0,0.4522134981633455,0.06771348568966033,11.73,0.045629453879453885
S12,xxo,show,10,-0.0,0.1,0.7272727272727273,11.0,0.4522134981633455,0.06771348568966033,11.73,0.045629453879453885
S13,xxo,show,10,-0.0,0.0,0.4444444444444444,9.0,0.4522134981633455,0.06771348568966033,11.73,0.045629453879453885
S16,xxo,show,10,-0.0,0.0,0.6666666666666666,9.0,0.4522134981633455,0.06771348568966033,11.73,0.045629453879453885
S17,xxo,show,10,-0.0,0.1,0.7272727272727273,11.0,0.4522134981633455,0.06771348568966033,11.73,0.045629453879453885
S18,xxo,show,10,-0.0,0.0,0.6666666666666666,9.0,0.4522134981633455,0.06771348568966033,11.73,0.045629453879453885
S19,xxo,show,10,-0.0,0.1,0.7272727272727273,11.0,0.4522134981633455,0.06771348568966033,11.73,0.045629453879453885
S2,xxo,show,10,-0.0,0.0,0.6666666666666666,9.0,0.4522134981633455,0.06771348568966033,11.73,0.045629453879453885
S20,xxo,show,10,-0.0,0.0,0.6666666666666666,9.0,0.4522134981633455,0.06771348568966033,11.73,0.045629453879453885
S21,xxo,show,10,-0.0,0.0,0.4444444444444444,9.0,0.4522134981633455,0.06771348568966033,11.73,0.045629453879453885
S23,xxo,show,10,-0.0,0.0,0.6666666666666666,9.0,0.4522134981633455,0.06771348568966033,11.73,0.045629453879453885
S24,xxo,show,10,-0.0,0.0,0.6666666666666666,9.0,0.4522134981633455,0.06771348568966033,11.73,0.045629453879453885
S25,xxo,show,10,-0.0,0.0,0.6666666666666666,9.0,0.4522134981633455,0.06771348568966033,11.73,0.045629453879453885
S26,xxo,show,10,-0.0,0.0,0.6666666666666666,9.0,0.4522134981633455,0.06771348568966033,11.73,0.045629453879453885
S28,xxo,show,10,-0.0,0.0,0.6666666666666666,9.0,0.4522134981633455,0.06771348568966033,11.73,0.045629453879453885
S31,xxo,show,10,-0.0,0.0,0.4444444444444444,9.0,0.4522134981633455,0.06771348568966033,11.73,0.045629453879453885
S35,xxo,show,10,-0.0,0.0,0.4444444444444444,9.0,0.4522134981633455,0.06771348568966033,11.73,0.045629453879453885
S39,xxo,show,10,-0.0,0.0,0.6666666666666666,9.0,0.4522134981633455,0.06771348568966033,11.73,0.045629453879453885
S4,xxo,show,10,-0.0,0.0,0.6666666666666666,9.0,0.4522134981633455,0.06771348568966033,11.73,0.045629453879453885
S43,xxo,show,10,-0.0,0.0,0.6666666666666666,9.0,0.4522134981633455,0.06771348568966033,11.73,0.045629453879453885
S45,xxo,show,10,-0.0,0.0,0.6666666666666666,9.0,0.4522134981633455,0.06771348568966033,11.73,0.045629453879453885
S46,xxo,show,10,-0.0,0.0,0.4444444444444444,9.0,0.4522134981633455,0.06771348568966033,11.73,0.045629453879453885
S49,xxo,show,10,-0.0,0.0,0.4444444444444444,9.0,0.4522134981633455,0.06771348568966033,11.73,0.045629453879453885
S50,xxo,show,10,-0.0,0.0,0.4444444444444444,9.0,0.4522134981633455,0.06771348568966033,11.73,0.045629453879453885
S51,xxo,show,10,-0.0,0.0,0.4444444444444444,9.0,0.4522134981633455,0.06771348568966033,11.73,0.045629453879453885
S53,xxo,show,10,-0.0,0.1,0.7272727272727273,11.0,0.4522134981633455,0.06771348568966033,11.73,0.045629453879453885
S55,xxo,show,10,-0.0,0.0,0.4444444444444444,9.0,0.4522134981633455,0.06771348568966033,11.73,0.045629453879453885
S6,xxo,show,10,-0.0,0.0,0.4444444444444444,9.0,0.4522134981633455,0.06771348568966033,11.73,0.045629453879453885
S7,xxo,show,10,-0.0,0.0,0.4444444444444444,9.0,0.4522134981633455,0.06771348568966033,11.73,0.045629453879453885
S0,xxx,show,10,1.5,1.125,0.23529411764705882,17.0,0.33617626061478173,1.4748516716007019,13.016,0.4425743978244009
S12,xxx,show,10,1.5,0.0,0.8,5.0,0.33617626061478173,1.4748516716007019,13.016,0.4425743978244009
S13,xxx,show,10,1.5,0.0,0.8,5.0,0.33617626061478173,1.4748516716007019,13.016,0.4425743978244009
S16,xxx,show,10,1.5304930567574824,1.1,0.42857142857142855,21.0,0.33617626061478173,1.4748516716007019,13.016,0.4425743978244009
S17,xxx,show,10,1.5,0.0,0.8,5.0,0.33617626061478173,1.4748516716007019,13.016,0.4425743978244009
S18,xxx,show,10,-0.0,0.0,0.4444444444444444,9.0,0.33617626061478173,1.4748516716007019,13.016,0.4425743978244009
S19,xxx,show,10,-0.0,1.6363636363636365,0.13793103448275862,29.0,0.33617626061478173,1.4748516716007019,13.016,0.4425743978244009
S2,xxx,show,10,1.3787834934861753,0.1,0.6363636363636364,11.0,0.33617626061478173,1.4748516716007019,13.016,0.4425743978244009
S20,xxx,show,10,1.5,0.0,0.8,5.0,0.33617626061478173,1.4748516716007019,13.016,0.4425743978244009
S21,xxx,show,10,-0.0,0.0,0.4444444444444444,9.0,0.33617626061478173,1.4748516716007019,13.016,0.4425743978244009
S23,xxx,show,10,1.5,0.0,0.8,5.0,0.33617626061478173,1.4748516716007019,13.016,0.4425743978244009
S24,xxx,show,10,1.5,0.0,0.8,5.0,0.33617626061478173,1.4748516716007019,13.016,0.4425743978244009
S25,xxx,show,10,1.5,0.0,0.8,5.0,0.33617626061478173,1.4748516716007019,13.016,0.4425743978244009
S26,xxx,show,10,-0.0,0.0,0.4444444444444444,9.0,0.33617626061478173,1.4748516716007019,13.016,0.4425743978244009
S28,xxx,show,10,1.5,0.0,0.8,5.0,0.33617626061478173,1.4748516716007019,13.016,0.4425743978244009
S31,xxx,show,10,1.5,0.0,0.8,5.0,0.33617626061478173,1.4748516716007019,13.016,0.4425743978244009
S35,xxx,show,10,1.5,0.0,0.8,5.0,0.33617626061478173,1.4748516716007019,13.016,0.4425743978244009
S39,xxx,show,10,-0.0,0.5454545454545454,0.23529411764705882,17.0,0.33617626061478173,1.4748516716007019,13.016,0.4425743978244009
S4,xxx,show,10,1.5,0.0,0.8,5.0,0.33617626061478173,1.4748516716007019,13.016,0.4425743978244009
S43,xxx,show,10,1.5,1.5555555555555556,0.17391304347826086,23.0,0.33617626061478173,1.4748516716007019,13.016,0.4425743978244009
S45,xxx,show,10,1.5,0.0,0.8,5.0,0.33617626061478173,1.4748516716007019,13.016,0.4425743978244009
S46,xxx,show,10,1.5,0.0,0.8,5.0,0.33617626061478173,1.4748516716007019,13.016,0.4425743978244009
S49,xxx,show,10,1.5,0.0,0.8,5.0,0.33617626061478173,1.4748516716007019,13.016,0.4425743978244009
S50,xxx,show,10,1.5,0.0,0.8,5.0,0.33617626061478173,1.4748516716007019,13.016,0.4425743978244009
S51,xxx,show,10,-0.0,0.0,0.4444444444444444,9.0,0.33617626061478173,1.4748516716007019,13.016,0.4425743978244009
S53,xxx,show,10,1.5,0.0,0.8,5.0,0.33617626061478173,1.4748516716007019,13.016,0.4425743978244009
S55,xxx,show,10,1.5,0.0,0.8,5.0,0.33617626061478173,1.4748516716007019,13.016,0.4425743978244009
S6,xxx,show,10,1.5,0.0,0.8,5.0,0.33617626061478173,1.4748516716007019,13.016,0.4425743978244009
S7,xxx,show,10,1.3709505944546687,0.0,0.5555555555555556,9.0,0.33617626061478173,1.4748516716007019,13.016,0.4425743978244009
